Country,total_confirmados,total_muertes,total_recuperados,tasa_mortalidad_%
Afghanistan,178387,7676,82586,4.3
Albania,274462,3496,130314,1.27
Algeria,265739,6874,118409,2.59
Andorra,40709,155,14380,0.38
Angola,99194,1900,39582,1.92
Antarctica,11,0,0,0.0
Antigua and Barbuda,7535,135,1239,1.79
Argentina,9060495,128344,4615834,1.42
Armenia,422747,8621,220438,2.04
Australia,5384615,6779,24203,0.13
Austria,4045809,16407,644388,0.41
Azerbaijan,792349,9705,333694,1.22
Bahamas,33391,789,12702,2.36
Bahrain,562759,1473,267220,0.26
Bangladesh,1952275,29124,1141157,1.49
Barbados,64348,383,4251,0.6
Belarus,974046,6899,443417,0.71
Belgium,3972963,31165,31130,0.78
Belize,57331,672,13543,1.17
Benin,26952,163,8136,0.6
Bhutan,51800,16,2418,0.03
Bolivia,903888,21903,411830,2.42
Bosnia and Herzegovina,376437,15749,189710,4.18
Botswana,305859,2688,96964,0.88
Brazil,30250077,662185,17771228,2.19
Brunei,139847,217,280,0.16
Bulgaria,1149225,36782,398721,3.2
Burkina Faso,20865,383,13385,1.84
Burma,612545,19434,225849,3.17
Burundi,38722,38,773,0.1
Cabo Verde,55988,401,33173,0.72
Cambodia,136044,3055,72803,2.25
Cameroon,119780,1927,35261,1.61
Canada,3633948,38363,1405971,1.06
Central African Republic,14649,113,6859,0.77
Chad,7378,192,4796,2.6
Chile,3528626,57231,1575377,1.62
China,1760211,13748,99228,0.78
Colombia,6089540,139745,4615354,2.29
Comoros,8100,160,3873,1.98
Congo (Brazzaville),24079,385,12421,1.6
Congo (Kinshasa),87023,1337,30043,1.54
Costa Rica,844892,8357,334759,0.99
Cote d'Ivoire,81857,797,49642,0.97
Croatia,1113135,15725,354830,1.41
Cuba,1099444,8520,373354,0.77
Cyprus,464366,993,39061,0.21
Czechia,3881644,39980,1641321,1.03
Denmark,3143644,6034,307374,0.19
Diamond Princess,712,13,699,1.83
Djibouti,15598,189,11491,1.21
Dominica,11988,63,209,0.53
Dominican Republic,578733,4375,324861,0.76
Ecuador,865585,35513,443880,4.1
Egypt,511977,24522,232179,4.79
El Salvador,162089,4125,76670,2.54
Equatorial Guinea,16001,183,8709,1.14
Eritrea,9733,103,6475,1.06
Estonia,567183,2511,129183,0.44
Eswatini,70098,1395,22127,1.99
Ethiopia,470259,7509,264008,1.6
Fiji,64509,862,10848,1.34
Finland,949583,3517,46000,0.37
France,27874269,145159,415111,0.52
Gabon,47594,303,25228,0.64
Gambia,11994,365,7310,3.04
Georgia,1652929,16789,390827,1.02
Germany,23416663,132942,3659260,0.57
Ghana,161101,1445,98633,0.9
Greece,3232496,28537,93764,0.88
Grenada,14165,219,161,1.55
Guatemala,837492,17427,331374,2.08
Guinea,36502,440,24463,1.21
Guinea-Bissau,8176,170,4027,2.08
Guyana,63368,1228,22327,1.94
Haiti,30594,876,12961,2.86
Holy See,29,0,27,0.0
Honduras,421268,10971,102384,2.6
Hungary,1879480,45865,749773,2.44
Iceland,183974,110,6993,0.06
India,43042097,521751,30974748,1.21
Indonesia,6039266,155844,2907920,2.58
Iran,7205064,140800,3444798,1.95
Iraq,2323040,25198,1494760,1.08
Ireland,1498834,6932,23364,0.46
Israel,4029066,10612,854888,0.26
Italy,15659835,161602,4144608,1.03
Jamaica,129203,2926,47101,2.26
Japan,7332261,28998,852451,0.4
Jordan,1694957,14055,752624,0.83
Kazakhstan,1394190,19013,555079,1.36
Kenya,323609,5649,191188,1.75
Kiribati,3071,13,0,0.42
"Korea, South",16305752,21092,180719,0.13
Kosovo,227838,3138,105688,1.38
Kuwait,630888,2555,388880,0.4
Kyrgyzstan,200980,2991,150852,1.49
Laos,199868,714,3804,0.36
Latvia,812877,5714,135690,0.7
Lebanon,1095518,10358,537653,0.95
Lesotho,32968,697,6664,2.11
Liberia,7402,294,2715,3.97
Libya,501834,6429,195639,1.28
Liechtenstein,16975,84,3011,0.49
Lithuania,1048704,9011,269840,0.86
Luxembourg,229311,1054,72306,0.46
MS Zaandam,9,2,7,22.22
Madagascar,64089,1390,41177,2.17
Malawi,85727,2631,39841,3.07
Malaysia,4382402,35409,962731,0.81
Maldives,178320,298,75095,0.17
Mali,30651,729,13962,2.38
Malta,88558,673,32438,0.76
Marshall Islands,7,0,4,0.0
Mauritania,58710,982,22859,1.67
Mauritius,218229,990,1854,0.45
Mexico,5726668,323938,2270427,5.66
Micronesia,1,0,1,0.0
Moldova,516316,11481,252421,2.22
Monaco,11341,56,2759,0.49
Mongolia,920119,2177,164829,0.24
Montenegro,234137,2709,99152,1.16
Morocco,1164345,16062,582692,1.38
Mozambique,225323,2200,100912,0.98
Namibia,158074,4022,96568,2.54
Nepal,978654,11951,661651,1.22
Netherlands,8194946,22780,28771,0.28
New Zealand,828808,554,2824,0.07
Nicaragua,18491,232,4225,1.25
Niger,8871,308,5351,3.47
Nigeria,255663,3143,165208,1.23
North Macedonia,308516,9261,150440,3.0
Norway,1419507,2783,17998,0.2
Oman,388795,4257,281724,1.09
Pakistan,1527248,30363,952616,1.99
Palau,4190,6,0,0.14
Panama,768470,8178,420113,1.06
Papua New Guinea,43660,649,17384,1.49
Paraguay,648446,18734,423964,2.89
Peru,3555139,212619,2086086,5.98
Philippines,3682847,59964,1528422,1.63
Poland,5984940,115838,2653981,1.94
Portugal,3719485,21993,912620,0.59
Qatar,363443,677,224285,0.19
Romania,2881322,65331,1048072,2.27
Russia,17801103,365774,5609682,2.05
Rwanda,129760,1459,44911,1.12
Saint Kitts and Nevis,5557,43,549,0.77
Saint Lucia,23094,367,5398,1.59
Saint Vincent and the Grenadines,9447,106,2233,1.12
Samoa,4793,10,3,0.21
San Marino,15874,114,5009,0.72
Sao Tome and Principe,5948,73,2365,1.23
Saudi Arabia,752479,9068,507374,1.21
Senegal,85967,1988,48812,2.31
Serbia,1995351,15923,15564,0.8
Seychelles,41660,164,17874,0.39
Sierra Leone,7681,125,4287,1.63
Singapore,1157251,1313,63357,0.11
Slovakia,2505968,19721,255300,0.79
Slovenia,996832,6556,253972,0.66
Solomon Islands,12437,139,20,1.12
Somalia,26471,1361,7661,5.14
South Africa,3740398,100144,2258603,2.68
South Sudan,17369,138,10514,0.79
Spain,11627487,103104,150376,0.89
Sri Lanka,662827,16495,284524,2.49
Sudan,62057,4929,30647,7.94
Summer Olympics 2020,865,0,0,0.0
Suriname,79276,1325,21978,1.67
Sweden,2495996,18605,0,0.75
Switzerland,3568616,13647,317600,0.38
Syria,55769,3149,22019,5.65
Taiwan*,33205,854,12957,2.57
Tajikistan,17786,125,14867,0.7
Tanzania,33851,803,183,2.37
Thailand,4029959,26882,26873,0.67
Timor-Leste,22853,130,10025,0.57
Togo,36962,273,14654,0.74
Tonga,8922,11,0,0.12
Trinidad and Tobago,142076,3800,32454,2.67
Tunisia,1038668,28509,530545,2.74
Turkey,14991669,98551,5478185,0.66
US,80625120,988609,6298082,1.23
Uganda,164051,3597,86826,2.19
Ukraine,5040518,112459,2258433,2.23
United Arab Emirates,895264,2302,664130,0.26
United Kingdom,21916961,172014,24693,0.78
Uruguay,895592,7193,374203,0.8
Uzbekistan,238252,1637,126377,0.69
Vanuatu,6314,7,3,0.11
Venezuela,522034,5701,294607,1.09
Vietnam,10417887,42934,54332,0.41
West Bank and Gaza,656617,5656,312320,0.86
Winter Olympics 2022,535,0,0,0.0
Yemen,11817,2148,4251,18.18
Zambia,318467,3973,189658,1.25
Zimbabwe,247237,5462,82994,2.21
