Mes,Confirmed,Deaths,Recovered
2020-01,0,0,0
2020-02,0,0,0
2020-03,1065,138,394
2020-04,36976,4782,10405
2020-05,164476,20710,67208
2020-06,285213,37898,174535
2020-07,407492,55982,283915
2020-08,647166,73612,455457
2020-09,811768,82135,676925
2020-10,900180,86494,822316
2020-11,962530,89449,893061
2020-12,1015137,93070,951318
2021-01,1138239,103810,1052050
2021-02,1323863,122502,1225995
2021-03,1548807,143416,1468457
2021-04,1799445,166701,1736183
2021-05,1955469,183783,1905433
2021-06,2052065,192331,2012397
2021-07,2111393,196353,2078316
2021-08,2149591,198263,2086086
2021-09,2175305,199367,0
2021-10,2201796,200246,0
2021-11,2236351,201176,0
2021-12,2296831,202690,0
2022-01,3224406,205505,0
2022-02,3517260,210672,0
2022-03,3546696,212207,0
2022-04,3555139,212619,0
